{
  "type": "AdaptiveCard",
  "body": [
    {
      "type": "Container",
      "items": [
        {
          "type": "Image",
          "id": "choice1",
          "selectAction": {
            "type": "Action.Submit",
            "title": "choice1",
            "data": {
              "choice": 1
            }
          },
          "url": "https://acuvate.com/wp-content/uploads/2017/02/Microsoft-Botframework.fw_-thegem-person.png",
          "altText": "Site Provisioning"
        },
        {
          "type": "Image",
          "id": "choice2",
          "selectAction": {
            "type": "Action.Submit",
            "title": "choice2",
            "data": {
              "choice": 2
            }
          },
          "url": "https://acuvate.com/wp-content/uploads/2017/02/Microsoft-Botframework.fw_-thegem-person.png",
          "altText": ""
        },
        {
          "type": "Image",
          "id": "choice3",
          "selectAction": {
            "type": "Action.Submit",
            "title": "choice3",
            "data": {
              "choice": 3
            }
          },
          "url": "https://acuvate.com/wp-content/uploads/2017/02/Microsoft-Botframework.fw_-thegem-person.png",
          "altText": ""
        }
      ]
    }
  ],
  "$schema": "http://adaptivecards.io/schemas/adaptive-card.json",
  "version": "1.0"
}