{
  "$schema": "http://adaptivecards.io/schemas/adaptive-card.json",
  "type": "AdaptiveCard",
  "version": "1.0",
  "body": [
    {
      "type": "Image",
      //"url": "https://encrypted-tbn0.gstatic.com/images?q=tbn:ANd9GcQtB3AwMUeNoq4gUBGe6Ocj8kyh3bXa9ZbV7u1fVKQoyKFHdkqU",
      "url": "https://assets.wired.com/photos/w_1720/wp-content/uploads/2016/04/chat_bot-01.jpg",
      //"url": "https://pngimage.net/wp-content/uploads/2018/05/bots-png-9.png",
      //"url": "https://cacm.acm.org/system/assets/0002/4711/081916_Wired_The-Edge-of.large.jpg?1476779516&1471636431",
      "size": "small"
    },
    {
      "type": "TextBlock",
      "spacing": "medium",
      "size": "default",
      "weight": "bolder",
      "text": "Hey, I am O365 Bot.",
      "wrap": true,
      "maxLines": 0
    },
    {
      "type": "TextBlock",
      "size": "default",
      "isSubtle": "true",
      "text": "I can help you with FAQ regarding Office 365.\nI can help you with upcoming trainings.\nI can also help you with creating service requests like new site request or distribution list request.",
      "wrap": true,
      "maxLines": 0
    }
  ],
  "actions": [
    {
      "type": "Action.Submit",
      "id": "search_training",
      "title": "Search Training",
      //"iconUrl": "https://acuvate.com/wp-content/uploads/2017/02/Microsoft-Botframework.fw_-thegem-person.png",
      "iconUrl": "https://olear.com/wp-content/uploads/2017/01/search-icon-blue.png",
      "align": "left",
      "data": "Search Training"
    },
    {
      "type": "Action.Submit",
      "id": "get_qna_help",
      "title": "Get QnA Help",
      "iconUrl": "https://apps.shopifycdn.com/listing_images/440b04e6c4bf0a909fcff906d74cb7b1/icon/6e630fdb31bbcd3d7833a4a61580b728.jpg",
      "data": "Get QnA Help"
    },
    {
      "type": "Action.Submit",
      "id": "servicenow_ticket",
      "title": "ServiceNow Ticket",
      "iconUrl": "http://chen.about-powershell.com/wp-content/uploads/2018/07/servicenow_icon200-900x0.png",
      "data": "ServiceNow Ticket"
    }
  ]
}
