{
  "$schema": "http://adaptivecards.io/schemas/adaptive-card.json",
  "type": "AdaptiveCard",
  "version": "1.0",
  "body": [
    {
      "type": "TextBlock",
      "size": "default",
      "isSubtle": "true",
      "text": "Welcome to ServiceNow Ticket Creation. Please select the type of ticket you want to create.",
      "wrap": true,
      "maxLines": 0
    }
  ],
  "actions": [
    {
      "type": "Action.Submit",
      "id": "sharepoint",
      "title": "SharePoint",
      "iconUrl": "https://cdn4.iconfinder.com/data/icons/logos-3/504/SharePoint-512.png",
      "data": "SharePoint"
    },
    {
      "type": "Action.Submit",
      "id": "exchange",
      "title": "Exchange",
      "iconUrl": "https://cdn1.iconfinder.com/data/icons/toolbar-signs/512/refresh-512.png",
      "data": "Exchange"
    }
    //{
    //  "type": "Action.Submit",
    //  "id": "license_management",
    //  "title": "License Management",
    //  "data": "License Management"
    //}
  ]
}
